,coordinates
0,"[51.5395858, -0.1138834]"
1,"[51.5374278, -0.0890363]"
2,"[51.5272036, -0.08068439999999999]"
3,"[51.5401728, -0.07817049999999999]"
4,"[51.54217449999999, -0.112727]"
5,"[51.5381018, -0.1078963]"
6,"[51.5471507, -0.0905071]"
7,"[51.5434838, -0.1071824]"
8,"[51.5292, -0.08108119999999999]"
9,"[51.5395998, -0.1091995]"
10,"[51.53738569999999, -0.09406479999999999]"
11,"[51.5292, -0.08108119999999999]"
12,"[51.5398216, -0.0943058]"
13,"[51.547061, -0.08354929999999999]"
14,"[51.5372046, -0.1196945]"
15,"[51.5434887, -0.0868442]"
16,"[51.5363669, -0.1025126]"
17,"[51.5317421, -0.1141697]"
18,"[51.5412595, -0.079681]"
19,"[51.5360998, -0.1094828]"
20,"[50.7487635, -2.3444786]"
21,"[51.5495259, -0.0799198]"
22,"[51.5497114, -0.08725139999999999]"
23,"[51.5491645, -0.0853627]"
24,"[51.536544, -0.09046219999999999]"
25,"[50.608277, -1.960769]"
26,"[51.53578359999999, -0.0930775]"
27,"[51.5344133, -0.0977217]"
28,"[51.5436805, -0.1114945]"
29,"[51.5417248, -0.1003411]"
30,"[51.5374898, -0.1154583]"
31,"[51.5499974, -0.08439229999999999]"
32,"[51.5333911, -0.09811629999999999]"
33,"[51.5406664, -0.0881599]"
34,"[51.53691569999999, -0.1161712]"
35,"[51.5342242, -0.1141915]"
36,"[51.5423453, -0.1023859]"
37,"[51.5456449, -0.08577200000000001]"
38,"[51.5332129, -0.098133]"
39,"[51.5442839, -0.08985]"
40,"[51.548689, -0.0896555]"
41,"[51.5356184, -0.08139149999999999]"
42,"[51.5398974, -0.0994843]"
43,"[51.5291364, -0.08450679999999999]"
44,"[51.5480031, -0.0877138]"
45,"[51.5411621, -0.08889849999999999]"
46,"[51.54041120000001, -0.1159932]"
47,"[51.52817450000001, -0.0819897]"
48,"[51.5348953, -0.1001902]"
49,"[51.5370564, -0.09479889999999999]"
50,"[51.531259, -0.1125948]"
51,"[51.5393151, -0.0860955]"
52,"[51.5445124, -0.0971915]"
53,"[50.7487635, -2.3444786]"
54,"[51.5396381, -0.104943]"
55,"[51.54008750000001, -0.084255]"
56,"[51.5497082, -0.0872474]"
57,"[51.5368191, -0.0924912]"
58,"[51.5426332, -0.1015891]"
59,"[51.5372639, -0.1154804]"
60,"[51.5317421, -0.1141697]"
61,"[51.5381057, -0.1052142]"
62,"[51.5359645, -0.1017493]"
63,"[51.53979229999999, -0.1044055]"
64,"[51.5406671, -0.0784428]"
65,"[51.5345689, -0.1131044]"
66,"[51.5369174, -0.1013807]"
67,"[51.5294784, -0.0859076]"
68,"[51.5401093, -0.1044478]"
69,"[51.5420858, -0.09726409999999999]"
70,"[51.5440214, -0.08477889999999999]"
71,"[51.537057, -0.1018413]"
72,"[51.5422624, -0.1136237]"
73,"[51.5407009, -0.1189772]"
74,"[51.5392258, -0.1134691]"
75,"[51.5365225, -0.1027209]"
76,"[51.5419761, -0.0958969]"
77,"[51.5485845, -0.09039409999999999]"
78,"[51.5335633, -0.08910060000000002]"
79,"[51.5321446, -0.0949536]"
80,"[51.5317421, -0.1141697]"
81,"[51.535625, -0.0887279]"
82,"[51.5317421, -0.1141697]"
83,"[51.54062649999999, -0.0832227]"
84,"[51.53831539999999, -0.0857558]"
85,"[51.5294283, -0.0890682]"
86,"[51.5379519, -0.0860551]"
87,"[51.5317421, -0.1141697]"
88,"[51.5316312, -0.1137495]"
89,"[51.5318682, -0.1130664]"
90,"[51.53973939999999, -0.0773056]"
91,"[51.5437892, -0.1028782]"
92,"[51.54063619999999, -0.1209936]"
93,"[51.5316312, -0.1137495]"
94,"[51.5297869, -0.0936105]"
95,"[51.53673029999999, -0.0773527]"
96,"[51.5303767, -0.0909155]"
97,"[51.5347368, -0.1006628]"
98,"[51.5327521, -0.0964266]"
99,"[51.5385115, -0.0856033]"
100,"[51.5367687, -0.1139465]"
101,"[51.5316312, -0.1137495]"
102,"[51.5316312, -0.1137495]"
103,"[51.5316312, -0.1137495]"
104,"[51.5316785, -0.09141529999999999]"
105,"[51.5365234, -0.08259169999999999]"
106,"[51.5314523, -0.08296429999999999]"
107,"[51.52817450000001, -0.0819897]"
108,"[51.5327144, -0.0899562]"
109,"[51.53735950000001, -0.1008883]"
110,"[51.5331193, -0.09782350000000001]"
111,"[51.5287474, -0.0917318]"
112,"[51.5326063, -0.1209637]"
113,"[51.5435366, -0.0817936]"
114,"[51.5318682, -0.1130664]"
115,"[51.5317421, -0.1141697]"
116,"[51.5370953, -0.079498]"
117,"[51.5414264, -0.105932]"
118,"[51.5426623, -0.1122882]"
119,"[51.5394605, -0.0807751]"
120,"[51.5316312, -0.1137495]"
121,"[51.5418108, -0.085587]"
122,"[51.5317421, -0.1141697]"
123,"[51.5316312, -0.1137495]"
124,"[51.5317421, -0.1141697]"
125,"[51.5315142, -0.0838187]"
126,"[51.5337081, -0.09334790000000001]"
127,"[51.5461888, -0.07725749999999999]"
128,"[51.5451346, -0.09557009999999999]"
129,"[51.5369629, -0.1036823]"
130,"[51.531571, -0.0801833]"
131,"[51.543366, -0.1027831]"
132,"[51.5386786, -0.108829]"
133,"[51.5379948, -0.0899432]"
134,"[51.53426529999999, -0.1027189]"
135,"[51.5391314, -0.1127211]"
136,"[51.5443294, -0.1052]"
137,"[51.541435, -0.0872165]"
138,"[51.5439379, -0.0916558]"
139,"[51.5427372, -0.089057]"
140,"[51.5400387, -0.1023113]"
141,"[51.5293753, -0.0805467]"
142,"[51.5292, -0.08108119999999999]"
143,"[51.54189419999999, -0.09422939999999999]"
144,"[51.53924379999999, -0.1083174]"
145,"[51.5352635, -0.1090969]"
146,"[51.53754199999999, -0.09230479999999999]"
147,"[51.5364029, -0.109512]"
148,"[51.531306, -0.08000150000000002]"
149,"[51.5350214, -0.09556260000000001]"
150,"[51.5396704, -0.0878239]"
151,"[51.5350214, -0.09556260000000001]"
152,"[51.5330387, -0.1195483]"
153,"[51.5316312, -0.1137495]"
154,"[51.5350214, -0.09556260000000001]"
155,"[51.5350214, -0.09556260000000001]"
156,"[51.5396447, -0.1044968]"
157,"[51.5449443, -0.09928529999999999]"
158,"[51.534997, -0.0954679]"
159,"[51.53573429999999, -0.09617429999999999]"
160,"[51.5350214, -0.09556260000000001]"
161,"[51.5398974, -0.0994843]"
162,"[51.5315964, -0.1085978]"
163,"[51.5413677, -0.1011803]"
164,"[51.5408872, -0.0929203]"
165,"[51.5332844, -0.09387469999999999]"
166,"[51.5331374, -0.1063529]"
167,"[51.5368764, -0.09083039999999999]"
168,"[51.52863120000001, -0.0872034]"
169,"[51.5383136, -0.1051636]"
170,"[51.54305660000001, -0.1078222]"
171,"[51.5466663, -0.0908447]"
172,"[51.5393363, -0.1081781]"
173,"[51.5425741, -0.08389769999999999]"
174,"[51.53104, -0.08749799999999999]"
175,"[51.5462059, -0.0790626]"
176,"[51.5326959, -0.1078136]"
177,"[51.5370909, -0.09477279999999999]"
178,"[51.5455761, -0.0875063]"
179,"[51.5316785, -0.09141529999999999]"
180,"[51.5316785, -0.09141529999999999]"
181,"[51.5455761, -0.0875063]"
182,"[51.5435467, -0.09741200000000001]"
183,"[51.5403824, -0.1077362]"
184,"[51.53706829999999, -0.0927701]"
185,"[51.5420058, -0.1051415]"
186,"[51.5466864, -0.0846924]"
187,"[51.5460753, -0.0931519]"
188,"[51.54584990000001, -0.09989790000000001]"
189,"[51.5439748, -0.0827393]"
190,"[51.536504, -0.09401419999999999]"
191,"[51.5287486, -0.0842704]"
192,"[51.5403221, -0.1028463]"
193,"[51.534253, -0.09895029999999999]"
194,"[51.5320882, -0.0961636]"
195,"[51.53717899999999, -0.084939]"
196,"[51.50070830000001, -0.1577243]"
197,"[51.5368191, -0.0924912]"
198,"[51.531259, -0.1125948]"
199,"[51.5427584, -0.09239409999999999]"
200,"[51.5350537, -0.1086677]"
201,"[51.5311667, -0.0958386]"
202,"[51.5401464, -0.08831499999999999]"
203,"[51.532524, -0.09906749999999999]"
204,"[51.5473269, -0.09265810000000001]"
205,"[51.5423299, -0.1147584]"
206,"[51.5394258, -0.0954618]"
207,"[51.5410716, -0.0992213]"
208,"[51.5365405, -0.1080406]"
209,"[51.5378014, -0.1071729]"
210,"[51.5418357, -0.1169341]"
211,"[51.5321548, -0.1110901]"
212,"[51.5439961, -0.09413400000000001]"
213,"[51.543503, -0.1088595]"
214,"[51.5438996, -0.1083109]"
215,"[51.54692259999999, -0.080036]"
216,"[51.5431258, -0.1129817]"
217,"[51.5277574, -0.0846851]"
218,"[51.53358859999999, -0.1032497]"
219,"[51.54008289999999, -0.1018355]"
220,"[51.5369553, -0.0788001]"
221,"[51.53763379999999, -0.07891859999999999]"
222,"[51.5439914, -0.1103062]"
223,"[51.5395729, -0.1018495]"
224,"[51.5321446, -0.0949536]"
225,"[51.528294, -0.08949499999999999]"
226,"[51.5483342, -0.0839554]"
227,"[51.5356783, -0.1089128]"
228,"[51.543568, -0.1109986]"
229,"[51.5462783, -0.08273219999999999]"
230,"[51.5423615, -0.1120558]"
231,"[51.4688804, -0.1049389]"
232,"[51.5386503, -0.0848974]"
233,"[51.5289812, -0.0861252]"
234,"[51.5321446, -0.0949536]"
235,"[51.535625, -0.0887279]"
236,"[51.5321446, -0.0949536]"
237,"[51.536323, -0.0793699]"
238,"[51.5393403, -0.1021969]"
239,"[51.5337081, -0.09334790000000001]"
240,"[51.5490285, -0.0791154]"
241,"[51.5443593, -0.1055427]"
242,"[51.5385115, -0.0856033]"
243,"[51.5492248, -0.08654139999999999]"
244,"[51.5359686, -0.0863326]"
245,"[51.535325, -0.09670609999999999]"
246,"[51.5350214, -0.09556260000000001]"
247,"[51.5353005, -0.09599569999999999]"
248,"[51.5350214, -0.09556260000000001]"
249,"[51.5350214, -0.09556260000000001]"
250,"[51.5350877, -0.1070157]"
251,"[51.5397872, -0.1102262]"
252,"[51.5435999, -0.1100175]"
253,"[51.5387229, -0.0781241]"
254,"[51.5418801, -0.08939609999999999]"
255,"[51.535625, -0.0887279]"
256,"[51.5316312, -0.1137495]"
257,"[51.54170449999999, -0.1121816]"
258,"[51.5317421, -0.1141697]"
259,"[51.5299059, -0.092101]"
260,"[51.5362351, -0.09958870000000002]"
261,"[51.540605, -0.1216006]"
262,"[51.5389574, -0.09005969999999999]"
263,"[51.5402249, -0.09912259999999999]"
264,"[51.54703689999999, -0.0831754]"
265,"[51.5388446, -0.1115894]"
266,"[51.5454275, -0.0893554]"
267,"[51.5361592, -0.0900494]"
268,"[51.5323183, -0.1213315]"
269,"[51.5338236, -0.1055646]"
270,"[51.5366466, -0.0937563]"
271,"[51.54321359999999, -0.08812199999999999]"
272,"[51.5414524, -0.0924811]"
273,"[51.5337492, -0.1208376]"
274,"[51.5399643, -0.1067568]"
275,"[51.5403295, -0.0985897]"
276,"[51.5452661, -0.0985026]"
277,"[51.5473474, -0.09607059999999999]"
278,"[51.550093, -0.08343969999999999]"
279,"[51.5317421, -0.1141697]"
280,"[51.5399089, -0.1133525]"
281,"[51.5341311, -0.1134003]"
282,"[51.54010419999999, -0.099148]"
283,"[51.5319847, -0.1099564]"
284,"[51.54096699999999, -0.0871454]"
285,"[51.5280991, -0.08463]"
286,"[51.5337081, -0.09334790000000001]"
287,"[51.5397675, -0.1048538]"
288,"[51.547075, -0.0963926]"
289,"[51.5390667, -0.1069011]"
290,"[51.5435552, -0.1015933]"
291,"[51.53687439999999, -0.0980177]"
292,"[51.5348008, -0.1204024]"
293,"[51.5396854, -0.08759249999999999]"
294,"[51.5371161, -0.08823919999999999]"
295,"[51.533707, -0.0997907]"
296,"[51.5447612, -0.0866043]"
297,"[51.5345379, -0.0979834]"
298,"[51.5321722, -0.1201815]"
299,"[51.5442501, -0.08928559999999999]"
300,"[51.5407653, -0.0849756]"
301,"[51.5459261, -0.0872396]"
302,"[51.5418074, -0.1206508]"
303,"[51.5388587, -0.1158059]"
304,"[51.5359066, -0.0966124]"
305,"[51.54030179999999, -0.1113245]"
306,"[51.5318034, -0.0997472]"
307,"[51.5430425, -0.1051199]"
308,"[51.53719419999999, -0.0805867]"
309,"[51.5336181, -0.1005872]"
310,"[51.538066, -0.092303]"
311,"[51.538066, -0.092303]"
312,"[51.538066, -0.092303]"
313,"[51.5462015, -0.0876309]"
314,"[51.5309249, -0.08261919999999999]"
315,"[51.535325, -0.09670609999999999]"
316,"[51.5355076, -0.0961419]"
317,"[51.5435331, -0.1122295]"
318,"[51.5316935, -0.0944911]"
319,"[51.5454016, -0.08378290000000001]"
320,"[51.50837199999999, -0.27444]"
321,"[51.5316935, -0.0944911]"
322,"[51.5365648, -0.1106563]"
323,"[51.5316935, -0.0944911]"
324,"[51.5424623, -0.1079689]"
325,"[51.5309249, -0.08261919999999999]"
326,"[51.5331193, -0.09782350000000001]"
327,"[51.542808, -0.0856614]"
328,"[51.5359686, -0.0863326]"
329,"[51.5398828, -0.1118254]"
330,"[51.54189419999999, -0.09422939999999999]"
331,"[51.5378025, -0.121016]"
332,"[51.5414858, -0.0875017]"
333,"[51.5348385, -0.09777029999999999]"
334,"[51.53982329999999, -0.1170511]"
335,"[51.5359686, -0.0863326]"
336,"[51.5448209, -0.0877645]"
337,"[51.53852329999999, -0.0932523]"
338,"[51.5390582, -0.0923828]"
339,"[51.539626, -0.119783]"
340,"[51.5414349, -0.0835949]"
341,"[51.539626, -0.119783]"
342,"[51.54566939999999, -0.100149]"
343,"[51.5359686, -0.0863326]"
344,"[51.5409138, -0.1040136]"
345,"[51.5423453, -0.1023859]"
346,"[51.5465063, -0.1058058]"
347,"[51.54126729999999, -0.0897063]"
348,"[51.5390738, -0.1190965]"
349,"[51.5393151, -0.0860955]"
350,"[51.5348336, -0.1002359]"
351,"[51.5377389, -0.0886877]"
352,"[51.5359686, -0.0863326]"
353,"[51.533849, -0.0973888]"
354,"[51.5393403, -0.1021969]"
355,"[51.5359686, -0.0863326]"
356,"[51.535325, -0.09670609999999999]"
357,"[51.5359686, -0.0863326]"
358,"[51.535325, -0.09670609999999999]"
359,"[51.5481483, -0.0838722]"
360,"[51.5414113, -0.1202362]"
361,"[51.53506410000001, -0.1039699]"
362,"[51.5418093, -0.1081867]"
363,"[51.54019640000001, -0.1070124]"
364,"[51.54137559999999, -0.1079238]"
365,"[51.5388299, -0.077633]"
366,"[51.535525, -0.1044989]"
367,"[51.5424129, -0.1032577]"
368,"[51.5435508, -0.1109889]"
369,"[51.5369927, -0.1034097]"
370,"[51.5421682, -0.0890709]"
371,"[51.5432758, -0.1084189]"
372,"[51.5391736, -0.1145671]"
373,"[51.5411621, -0.08889849999999999]"
374,"[51.54106729999999, -0.0998092]"
375,"[51.53834879999999, -0.1214507]"
376,"[51.53363299999999, -0.1059606]"
377,"[51.5370199, -0.092849]"
378,"[51.5389019, -0.0938565]"
379,"[51.54384229999999, -0.1035495]"
380,"[51.5493215, -0.08328859999999999]"
381,"[51.5425305, -0.1175366]"
382,"[51.5399781, -0.1066028]"
383,"[51.5354146, -0.1194819]"
384,"[51.5359686, -0.0863326]"
385,"[51.5470304, -0.0933275]"
386,"[51.5273291, -0.080606]"
387,"[51.5386944, -0.08168009999999999]"
388,"[51.53668709999999, -0.0942692]"
389,"[51.5389681, -0.1072733]"
390,"[51.5406445, -0.1063479]"
391,"[51.5294692, -0.0845045]"
392,"[51.5294692, -0.0845045]"
393,"[51.5489142, -0.0813758]"
394,"[51.54211549999999, -0.1174326]"
395,"[51.5303717, -0.0936741]"
396,"[51.5279673, -0.0799627]"
397,"[51.5310217, -0.0821496]"
398,"[51.5321446, -0.0949536]"
399,"[51.5401801, -0.08634960000000001]"
400,"[51.5478509, -0.09420379999999999]"
401,"[51.5478509, -0.09420379999999999]"
402,"[51.5460944, -0.08276399999999999]"
403,"[51.5377389, -0.0886877]"
404,"[51.5337299, -0.07991619999999999]"
405,"[51.5405521, -0.1063382]"
406,"[51.5348528, -0.1018213]"
407,"[51.541016, -0.1017321]"
408,"[51.5435999, -0.1100175]"
409,"[51.5336019, -0.1018329]"
410,"[51.5284904, -0.0884486]"
411,"[51.5316133, -0.09274489999999999]"
412,"[51.5463842, -0.0774566]"
413,"[51.5428806, -0.0951593]"
414,"[51.5355923, -0.0893318]"
415,"[51.5387935, -0.1168818]"
416,"[51.53574949999999, -0.0968405]"
417,"[51.5406675, -0.1179554]"
418,"[51.5377744, -0.09140029999999999]"
419,"[51.54327360000001, -0.094411]"
420,"[51.5452501, -0.100022]"
421,"[51.5369706, -0.0992556]"
422,"[51.534812, -0.09912399999999999]"
423,"[51.53578419999999, -0.07923319999999999]"
424,"[51.5345196, -0.097393]"
425,"[51.5435366, -0.0817936]"
426,"[51.5431809, -0.0895608]"
427,"[51.5478314, -0.0851721]"
428,"[51.53104, -0.08749799999999999]"
429,"[51.535625, -0.0887279]"
430,"[51.5448757, -0.08386679999999999]"
431,"[51.53104, -0.08749799999999999]"
432,"[51.5461901, -0.0826263]"
433,"[51.5294283, -0.0890682]"
434,"[51.5305727, -0.0810412]"
435,"[51.5465671, -0.0835336]"
436,"[51.5311803, -0.0924657]"
437,"[51.539904, -0.07748719999999999]"
438,"[51.5399903, -0.0806469]"
439,"[51.644636, -0.05441319999999999]"
440,"[51.5371339, -0.1192519]"
441,"[51.535625, -0.0887279]"
442,"[51.535625, -0.0887279]"
443,"[51.54229249999999, -0.079375]"
444,"[51.5393191, -0.1115447]"
445,"[51.5445792, -0.1071328]"
446,"[51.5455822, -0.079284]"
447,"[51.5439407, -0.085951]"
448,"[51.5444155, -0.076683]"
449,"[51.5436471, -0.0824718]"
450,"[51.5420005, -0.1193529]"
451,"[51.547351, -0.0967272]"
452,"[51.5326959, -0.1078136]"
453,"[51.53715529999999, -0.09358409999999999]"
454,"[51.53883769999999, -0.0890041]"
455,"[51.5299059, -0.092101]"
456,"[51.5455761, -0.0875063]"
457,"[51.53883889999999, -0.0778767]"
458,"[51.5385115, -0.0856033]"
459,"[51.5436542, -0.1020487]"
460,"[51.5297869, -0.0936105]"
461,"[51.5446001, -0.0765356]"
462,"[51.5323518, -0.0865378]"
463,"[51.5356295, -0.07837859999999999]"
464,"[51.53728049999999, -0.0836702]"
465,"[51.5364387, -0.09609890000000001]"
466,"[51.5450124, -0.1079178]"
467,"[51.535625, -0.0887279]"
468,"[51.5340887, -0.08065939999999999]"
469,"[51.53312889999999, -0.1105491]"
470,"[51.5315818, -0.1185706]"
471,"[51.5368091, -0.0980109]"
472,"[51.53971139999999, -0.0875117]"
473,"[51.5427786, -0.0788465]"
474,"[51.5421682, -0.0890709]"
475,"[51.5480197, -0.085293]"
476,"[51.5440793, -0.1089329]"
477,"[51.5444615, -0.1056521]"
478,"[51.5440793, -0.1089329]"
479,"[51.5502907, -0.08297700000000001]"
480,"[51.535325, -0.09670609999999999]"
481,"[51.53706039999999, -0.1099916]"
482,"[51.538971, -0.0780727]"
483,"[51.5406281, -0.1015217]"
484,"[51.53757539999999, -0.1222739]"
485,"[51.5351128, -0.1201485]"
486,"[51.5376752, -0.1036714]"
487,"[51.5320748, -0.1026189]"
488,"[51.5467253, -0.0830498]"
489,"[51.53902249999999, -0.1225686]"
490,"[51.5356619, -0.1093639]"
491,"[51.5321641, -0.1011495]"
492,"[51.5412243, -0.1088425]"
493,"[51.5350537, -0.1086677]"
494,"[51.5347498, -0.09899319999999999]"
495,"[51.54617649999999, -0.0828984]"
496,"[51.532524, -0.09906749999999999]"
497,"[51.5384557, -0.0962833]"
498,"[51.54991949999999, -0.0843525]"
499,"[51.539586, -0.0987841]"
500,"[51.5359686, -0.0863326]"
501,"[51.5359686, -0.0863326]"
502,"[51.5359686, -0.0863326]"
503,"[51.5399781, -0.1066028]"
504,"[51.54317589999999, -0.1127944]"
505,"[51.535325, -0.09670609999999999]"
506,"[51.535325, -0.09670609999999999]"
507,"[51.5359686, -0.0863326]"
508,"[51.5359686, -0.0863326]"
509,"[51.5369553, -0.0788001]"
510,"[51.54803980000001, -0.0855245]"
511,"[51.5359686, -0.0863326]"
512,"[51.5388592, -0.1089976]"
513,"[51.53654359999999, -0.08008509999999999]"
514,"[51.5488255, -0.0807002]"
515,"[51.5359686, -0.0863326]"
516,"[51.5275113, -0.08341549999999999]"
517,"[51.5470196, -0.09517049999999999]"
518,"[51.54711529999999, -0.08983479999999999]"
519,"[51.539415, -0.1183269]"
520,"[51.5418173, -0.0968734]"
521,"[51.5329809, -0.1160027]"
522,"[51.5399702, -0.1057292]"
523,"[51.5376086, -0.0861847]"
524,"[51.53883889999999, -0.0778767]"
525,"[51.5338845, -0.1137532]"
526,"[51.5440683, -0.08300629999999999]"
527,"[51.5359686, -0.0863326]"
528,"[51.5432752, -0.1082458]"
529,"[51.5408277, -0.1066138]"
530,"[51.54713, -0.0951586]"
531,"[51.5307978, -0.0985596]"
532,"[51.5445504, -0.09834319999999999]"
533,"[51.5400848, -0.0963831]"
534,"[51.5404114, -0.09581819999999999]"
535,"[51.5429164, -0.1110931]"
536,"[51.5395957, -0.1120737]"
537,"[51.5339892, -0.0910339]"
538,"[51.54270820000001, -0.1097793]"
539,"[51.5395603, -0.1057423]"
540,"[51.5436844, -0.0775792]"
541,"[51.54341609999999, -0.0777273]"
542,"[51.53273009999999, -0.09505]"
543,"[51.52945080000001, -0.0809454]"
544,"[51.5316454, -0.0924619]"
545,"[51.5367215, -0.0774662]"
546,"[51.5319802, -0.1075213]"
547,"[51.5380113, -0.0817585]"
548,"[51.5305613, -0.0852129]"
549,"[51.532654, -0.0907529]"
550,"[51.5316367, -0.1075701]"
551,"[51.5437909, -0.1099329]"
552,"[51.5320378, -0.0907968]"
553,"[51.5492295, -0.08627159999999999]"
554,"[51.4688804, -0.1049389]"
555,"[51.5327139, -0.08214030000000001]"
556,"[51.5404191, -0.1018938]"
557,"[51.5364387, -0.09609890000000001]"
558,"[51.535325, -0.09670609999999999]"
559,"[51.53273009999999, -0.09505]"
560,"[51.54635589999999, -0.08214529999999999]"
561,"[51.530184, -0.08616]"
562,"[51.5318236, -0.09031539999999999]"
563,"[51.535325, -0.09670609999999999]"
564,"[51.5369182, -0.119528]"
565,"[51.535625, -0.0887279]"
566,"[51.535332, -0.07973709999999999]"
567,"[51.535325, -0.09670609999999999]"
568,"[51.535325, -0.09670609999999999]"
569,"[51.5350704, -0.0849127]"
570,"[51.5351128, -0.1201485]"
571,"[51.535325, -0.09670609999999999]"
572,"[51.535325, -0.09670609999999999]"
573,"[51.535325, -0.09670609999999999]"
574,"[51.535325, -0.09670609999999999]"
575,"[51.5356602, -0.0955314]"
576,"[51.535325, -0.09670609999999999]"
577,"[51.535325, -0.09670609999999999]"
578,"[51.535325, -0.09670609999999999]"
579,"[51.535325, -0.09670609999999999]"
580,"[51.535325, -0.09670609999999999]"
581,"[51.535325, -0.09670609999999999]"
582,"[51.535325, -0.09670609999999999]"
583,"[51.535325, -0.09670609999999999]"
584,"[51.535325, -0.09670609999999999]"
585,"[51.5316012, -0.0959337]"
586,"[51.535325, -0.09670609999999999]"
587,"[51.5355058, -0.0954265]"
588,"[51.5303767, -0.0909155]"
589,"[51.5326959, -0.1078136]"
590,"[51.5369585, -0.09092259999999999]"
591,"[51.5350305, -0.1035624]"
592,"[51.5430557, -0.1018034]"
593,"[51.5415028, -0.1051994]"
594,"[51.5423432, -0.08813159999999999]"
595,"[51.5327144, -0.0899562]"
596,"[51.5388324, -0.0776336]"
597,"[51.5359066, -0.0966124]"
598,"[51.5307333, -0.08001599999999999]"
599,"[51.541857, -0.1115835]"
600,"[51.5348486, -0.0979838]"
601,"[51.5317173, -0.079635]"
602,"[51.5317173, -0.079635]"
603,"[51.5317173, -0.079635]"
604,"[51.5317173, -0.079635]"
605,"[51.5317173, -0.079635]"
606,"[51.5317173, -0.079635]"
607,"[51.5317173, -0.079635]"
608,"[51.5316935, -0.0944911]"
609,"[51.5368842, -0.0963792]"
610,"[51.5297869, -0.0936105]"
611,"[51.53273009999999, -0.09505]"
612,"[51.5334929, -0.0946834]"
613,"[51.5449856, -0.07640519999999999]"
614,"[51.5350704, -0.0849127]"
615,"[51.5331491, -0.1006893]"
616,"[51.5385437, -0.0856869]"
617,"[51.5359686, -0.0863326]"
618,"[51.5359686, -0.0863326]"
619,"[51.5359686, -0.0863326]"
620,"[51.5408669, -0.07717489999999999]"
621,"[51.5359686, -0.0863326]"
622,"[51.5359686, -0.0863326]"
623,"[51.5359686, -0.0863326]"
624,"[51.5359686, -0.0863326]"
625,"[51.5359686, -0.0863326]"
626,"[51.5359686, -0.0863326]"
627,"[51.5359686, -0.0863326]"
628,"[51.5387239, -0.1158996]"
629,"[51.5341232, -0.1047785]"
630,"[51.5462603, -0.095279]"
631,"[51.535325, -0.09670609999999999]"
632,"[51.5420244, -0.0850398]"
633,"[51.5335857, -0.102635]"
634,"[51.536138, -0.0944391]"
635,"[51.5377082, -0.0887019]"
636,"[51.5441887, -0.08705059999999999]"
637,"[51.534672, -0.0953159]"
638,"[51.5360044, -0.1002172]"
639,"[51.5368657, -0.0894992]"
640,"[51.536052, -0.0901954]"
641,"[51.541857, -0.1115835]"
642,"[51.5348118, -0.09783560000000001]"
643,"[51.5384699, -0.0932833]"
644,"[51.531022, -0.1080691]"
645,"[51.54766919999999, -0.0907077]"
646,"[51.5312588, -0.1083781]"
647,"[51.5378465, -0.1160692]"
648,"[51.5335578, -0.1215667]"
649,"[51.53654359999999, -0.08008509999999999]"
650,"[51.5480197, -0.085293]"
651,"[51.5359686, -0.0863326]"
652,"[51.534446, -0.09816549999999999]"
653,"[51.5479883, -0.0873569]"
654,"[51.54170449999999, -0.1121816]"
655,"[51.5359686, -0.0863326]"
656,"[51.5359686, -0.0863326]"
657,"[51.5359686, -0.0863326]"
658,"[51.5360216, -0.0772273]"
659,"[51.5383376, -0.0859677]"
660,"[51.5504544, -0.0837627]"
661,"[51.5414912, -0.0899912]"
662,"[51.5483377, -0.0878467]"
663,"[51.5302512, -0.0850244]"
664,"[51.54713, -0.0951586]"
665,"[51.5474621, -0.0823962]"
666,"[51.5359686, -0.0863326]"
667,"[51.5462475, -0.07999089999999999]"
668,"[51.5359686, -0.0863326]"
669,"[51.5359686, -0.0863326]"
670,"[51.53137830000001, -0.0952661]"
671,"[51.5359686, -0.0863326]"
672,"[51.54345929999999, -0.0844936]"
673,"[51.5359686, -0.0863326]"
674,"[51.5359686, -0.0863326]"
675,"[51.5359686, -0.0863326]"
676,"[51.5359686, -0.0863326]"
677,"[51.5359686, -0.0863326]"
678,"[51.540592, -0.1019304]"
679,"[51.5338922, -0.08281519999999999]"
680,"[51.5484726, -0.0872549]"
681,"[51.5336231, -0.08889160000000002]"
682,"[51.5396118, -0.1147692]"
683,"[51.5440615, -0.0961717]"
684,"[51.53276630000001, -0.1039387]"
685,"[51.53281279999999, -0.103]"
686,"[51.54436219999999, -0.09720229999999999]"
687,"[51.54536909999999, -0.1038346]"
688,"[51.5472765, -0.09392579999999999]"
689,"[51.540188, -0.1145114]"
690,"[51.5426716, -0.1015666]"
691,"[51.5399702, -0.1057292]"
692,"[51.5448251, -0.094537]"
693,"[51.5421359, -0.1000668]"
694,"[51.5379328, -0.1029584]"
695,"[51.5421546, -0.1186715]"
696,"[51.54405149999999, -0.081218]"
697,"[51.5394307, -0.092429]"
698,"[51.54692259999999, -0.080036]"
699,"[51.5396814, -0.0897137]"
700,"[51.5421567, -0.08732369999999999]"
701,"[51.5310239, -0.09829289999999999]"
702,"[51.5391443, -0.0866506]"
703,"[51.5317884, -0.0988004]"
704,"[51.5465063, -0.1058058]"
705,"[51.5432936, -0.1004101]"
706,"[51.5434052, -0.0909835]"
707,"[51.5314821, -0.1155598]"
708,"[51.5314117, -0.080396]"
709,"[51.5314117, -0.080396]"
710,"[51.5314117, -0.080396]"
711,"[51.5341416, -0.0990988]"
712,"[51.5345901, -0.09874759999999999]"
713,"[51.540207, -0.1073217]"
714,"[51.5345064, -0.09864959999999999]"
715,"[51.5341207, -0.0991322]"
716,"[51.5433444, -0.1104775]"
717,"[51.5338778, -0.0982451]"
718,"[51.54637049999999, -0.07797649999999999]"
719,"[51.5358802, -0.1012966]"
720,"[51.54470420000001, -0.0828219]"
721,"[51.5362014, -0.09057839999999999]"
722,"[51.53339580000001, -0.09756000000000001]"
723,"[51.5435519, -0.0791004]"
724,"[51.5384822, -0.1066566]"
725,"[51.5305626, -0.09909499999999999]"
726,"[51.5462679, -0.0801288]"
727,"[51.5404148, -0.1113419]"
728,"[51.53757539999999, -0.1222739]"
729,"[51.535325, -0.09670609999999999]"
730,"[51.5350214, -0.09556260000000001]"
731,"[51.5350214, -0.09556260000000001]"
732,"[51.54629449999999, -0.1011703]"
733,"[51.5480586, -0.0857424]"
734,"[51.53728049999999, -0.0836702]"
735,"[51.53358859999999, -0.1032497]"
736,"[51.5387229, -0.0781241]"
737,"[51.5317421, -0.1141697]"
738,"[51.5350214, -0.09556260000000001]"
739,"[51.5350214, -0.09556260000000001]"
740,"[51.5466227, -0.0852407]"
741,"[51.5317421, -0.1141697]"
742,"[51.5317421, -0.1141697]"
743,"[51.5350214, -0.09556260000000001]"
744,"[51.5350214, -0.09556260000000001]"
745,"[51.5350214, -0.09556260000000001]"
746,"[51.5312989, -0.120447]"
747,"[51.5316312, -0.1137495]"
748,"[51.53023, -0.0850783]"
749,"[51.5316935, -0.0944911]"
750,"[51.5373831, -0.1100208]"
751,"[51.5317421, -0.1141697]"
752,"[51.5317421, -0.1141697]"
753,"[51.5317421, -0.1141697]"
754,"[51.5317421, -0.1141697]"
755,"[51.5317421, -0.1141697]"
756,"[51.5317421, -0.1141697]"
757,"[51.5317421, -0.1141697]"
758,"[51.5317421, -0.1141697]"
759,"[51.5317421, -0.1141697]"
760,"[51.5350214, -0.09556260000000001]"
761,"[51.5317421, -0.1141697]"
762,"[51.5317421, -0.1141697]"
763,"[51.5317421, -0.1141697]"
764,"[51.5317421, -0.1141697]"
765,"[51.54467649999999, -0.0810998]"
766,"[51.53273009999999, -0.09505]"
767,"[51.5315142, -0.0838187]"
768,"[51.5317421, -0.1141697]"
769,"[51.54170449999999, -0.1121816]"
770,"[51.5317421, -0.1141697]"
771,"[51.5350214, -0.09556260000000001]"
772,"[51.5438746, -0.107299]"
773,"[51.5317421, -0.1141697]"
774,"[51.5317421, -0.1141697]"
775,"[51.5422624, -0.1136237]"
776,"[51.5316312, -0.1137495]"
777,"[51.5316312, -0.1137495]"
778,"[51.5317421, -0.1141697]"
779,"[51.5356184, -0.08139149999999999]"
780,"[51.5350214, -0.09556260000000001]"
781,"[51.5350214, -0.09556260000000001]"
782,"[51.5350214, -0.09556260000000001]"
783,"[51.5350214, -0.09556260000000001]"
784,"[51.5419895, -0.08652059999999999]"
785,"[51.53325299999999, -0.1106956]"
786,"[51.5316312, -0.1137495]"
787,"[51.5316312, -0.1137495]"
788,"[51.5317421, -0.1141697]"
789,"[51.5316312, -0.1137495]"
790,"[51.5316312, -0.1137495]"
791,"[51.5316312, -0.1137495]"
792,"[51.5318682, -0.1130664]"
793,"[51.5316312, -0.1137495]"
794,"[51.5316312, -0.1137495]"
795,"[51.5316312, -0.1137495]"
796,"[51.5316312, -0.1137495]"
797,"[51.5318682, -0.1130664]"
798,"[51.52817450000001, -0.0819897]"
799,"[51.5350214, -0.09556260000000001]"
800,"[51.535325, -0.09670609999999999]"
801,"[51.53534519999999, -0.09525180000000001]"
802,"[51.5350214, -0.09556260000000001]"
803,"[51.5316312, -0.1137495]"
804,"[51.5316312, -0.1137495]"
805,"[51.5317421, -0.1141697]"
806,"[51.5317421, -0.1141697]"
807,"[51.5473972, -0.09607339999999999]"
808,"[51.5317421, -0.1141697]"
809,"[51.5317421, -0.1141697]"
810,"[51.5317421, -0.1141697]"
811,"[51.5317421, -0.1141697]"
812,"[51.5290993, -0.0849813]"
813,"[51.5350214, -0.09556260000000001]"
814,"[51.5316312, -0.1137495]"
815,"[51.5316312, -0.1137495]"
816,"[51.5373489, -0.0793813]"
817,"[51.5439868, -0.0820979]"
818,"[51.5287336, -0.08934869999999999]"
819,"[51.5350214, -0.09556260000000001]"
820,"[51.5444827, -0.0831147]"
821,"[51.5442878, -0.0875354]"
822,"[51.5492113, -0.0797812]"
823,"[51.538372, -0.0800722]"
824,"[51.5385437, -0.0856869]"
825,"[51.5385437, -0.0856869]"
826,"[51.53883769999999, -0.0890041]"
827,"[51.5419227, -0.0908447]"
828,"[51.53705590000001, -0.0987512]"
829,"[51.5385115, -0.0856033]"
830,"[51.5391762, -0.1021702]"
831,"[29.5376308, -95.1183952]"
832,"[51.54518729999999, -0.0784107]"
833,"[51.5275761, -0.0837673]"
834,"[51.5317421, -0.1141697]"
835,"[51.5287841, -0.0928903]"
836,"[51.53950440000001, -0.102677]"
837,"[51.53553549999999, -0.1097421]"
838,"[51.5501497, -0.08236539999999999]"
839,"[51.5359686, -0.0863326]"
840,"[51.5355597, -0.1000446]"
841,"[51.5349613, -0.0812518]"
842,"[51.5349613, -0.0812518]"
843,"[51.5349613, -0.0812518]"
844,"[51.5436809, -0.081036]"
845,"[51.54282569999999, -0.106922]"
846,"[51.54858170000001, -0.0851479]"
847,"[51.5387564, -0.1077754]"
848,"[51.53249959999999, -0.082699]"
849,"[51.5387229, -0.0781241]"
850,"[51.5397236, -0.1026612]"
851,"[51.5371616, -0.1040011]"
852,"[51.54282569999999, -0.106922]"
853,"[51.5364387, -0.09609890000000001]"
854,"[51.5351582, -0.1096912]"
855,"[51.5319889, -0.0875746]"
856,"[51.5341232, -0.1047785]"
857,"[51.5371073, -0.1180654]"
858,"[51.5439879, -0.1092235]"
859,"[51.5359686, -0.0863326]"
860,"[51.5359686, -0.0863326]"
861,"[51.54692259999999, -0.080036]"
862,"[51.53719419999999, -0.0805867]"
863,"[51.5441456, -0.1027825]"
864,"[51.5364634, -0.1038146]"
865,"[51.5391266, -0.0980001]"
866,"[51.5357451, -0.1095641]"
867,"[51.5384071, -0.1103792]"
868,"[51.5373009, -0.08768669999999999]"
869,"[51.5425094, -0.0905839]"
870,"[51.53705, -0.08462259999999999]"
871,"[51.5421212, -0.1065855]"
872,"[51.54106729999999, -0.0998092]"
873,"[51.50837199999999, -0.27444]"
874,"[51.535325, -0.09670609999999999]"
875,"[51.5428536, -0.0847303]"
876,"[51.5486335, -0.0862401]"
877,"[51.543503, -0.1088595]"
878,"[51.535699, -0.0818651]"
879,"[51.54991949999999, -0.0843525]"
880,"[51.5323267, -0.1112303]"
881,"[51.5295001, -0.08793859999999999]"
882,"[51.5339275, -0.0996928]"
883,"[51.5339548, -0.0991957]"
884,"[51.5339614, -0.09922629999999999]"
885,"[51.5367027, -0.0873434]"
886,"[51.5446435, -0.0835781]"
887,"[51.5344251, -0.098866]"
888,"[51.5328424, -0.0859533]"
889,"[51.5340819, -0.09915449999999999]"
890,"[51.5449232, -0.08180079999999999]"
891,"[51.535325, -0.09670609999999999]"
892,"[51.535325, -0.09670609999999999]"
893,"[51.5345205, -0.1168134]"
894,"[51.5337081, -0.09334790000000001]"
895,"[51.547263, -0.09433]"
896,"[51.54804799999999, -0.0856198]"
897,"[51.5418357, -0.1169341]"
898,"[51.5317173, -0.079635]"
899,"[51.5387229, -0.0781241]"
900,"[51.5367027, -0.0873434]"
901,"[51.545924, -0.09494709999999999]"
902,"[51.54170449999999, -0.1121816]"
903,"[51.53677440000001, -0.08737500000000001]"
904,"[51.5369553, -0.0788001]"
905,"[51.53368769999999, -0.1021918]"
906,"[51.5445668, -0.08858619999999999]"
907,"[51.53719419999999, -0.0805867]"
908,"[51.5335578, -0.1215667]"
909,"[51.53654359999999, -0.08008509999999999]"
910,"[51.5309249, -0.08261919999999999]"
911,"[51.5393272, -0.07941680000000001]"
912,"[51.541857, -0.1115835]"
913,"[51.5351128, -0.1201485]"
914,"[51.5298861, -0.0868552]"
915,"[51.5471967, -0.0909381]"
916,"[51.5359686, -0.0863326]"
917,"[51.5359686, -0.0863326]"
918,"[51.5420244, -0.0850398]"
919,"[51.5359686, -0.0863326]"
920,"[51.5359686, -0.0863326]"
921,"[51.53490679999999, -0.099329]"
922,"[51.5359686, -0.0863326]"
923,"[51.5359686, -0.0863326]"
924,"[51.5359686, -0.0863326]"
925,"[51.5359686, -0.0863326]"
926,"[51.5318682, -0.1130664]"
927,"[51.5463009, -0.0779715]"
928,"[51.5340944, -0.1000035]"
929,"[51.5359686, -0.0863326]"
930,"[51.5359686, -0.0863326]"
931,"[51.54732389999999, -0.0968753]"
932,"[51.5428113, -0.1142333]"
933,"[51.5359686, -0.0863326]"
934,"[51.5359686, -0.0863326]"
935,"[51.5359686, -0.0863326]"
936,"[51.53519410000001, -0.1036272]"
937,"[51.544951, -0.1077671]"
938,"[51.5335668, -0.0919818]"
939,"[51.5316312, -0.1137495]"
940,"[51.5316312, -0.1137495]"
941,"[51.5317421, -0.1141697]"
942,"[51.5440489, -0.0857144]"
943,"[51.5379464, -0.1163232]"
944,"[51.5348476, -0.08227890000000002]"
945,"[51.5449856, -0.07640519999999999]"
946,"[51.53273009999999, -0.09505]"
947,"[51.54417489999999, -0.0826692]"
948,"[51.539917, -0.0869175]"
949,"[51.5417503, -0.0795871]"
950,"[51.5287474, -0.0917318]"
951,"[51.5379967, -0.1067164]"
952,"[51.5330387, -0.1195483]"
953,"[51.5335307, -0.1102486]"
954,"[51.5314117, -0.080396]"
955,"[51.531482, -0.1156518]"
956,"[51.5292, -0.08108119999999999]"
957,"[51.5317421, -0.1141697]"
958,"[51.5409498, -0.1039215]"
959,"[51.5480948, -0.09311739999999999]"
960,"[51.531347, -0.1200608]"
961,"[51.5333553, -0.1090523]"
962,"[51.5351446, -0.0976756]"
963,"[51.54558910000001, -0.0995215]"
964,"[51.5478016, -0.0923534]"
965,"[51.53714919999999, -0.0939463]"
966,"[51.5396949, -0.1034129]"
967,"[51.5319475, -0.1196716]"
968,"[51.5379955, -0.1105047]"
969,"[51.5369482, -0.09908159999999999]"
970,"[51.5416459, -0.1184452]"
971,"[51.54227969999999, -0.0952933]"
972,"[51.5359093, -0.091226]"
973,"[51.5475965, -0.08145999999999999]"
974,"[51.5416459, -0.1184452]"
975,"[51.534252, -0.1144957]"
976,"[51.54270409999999, -0.08994619999999999]"
977,"[51.54034859999999, -0.09395859999999999]"
978,"[51.5323725, -0.1002372]"
979,"[51.54405569999999, -0.0850953]"
980,"[51.5417327, -0.1094318]"
981,"[51.5441373, -0.1096739]"
982,"[51.53497530000001, -0.1034897]"
983,"[51.5421682, -0.0890709]"
984,"[51.5506695, -0.08462259999999999]"
985,"[51.5318907, -0.1202022]"
986,"[51.53900119999999, -0.07860539999999999]"
987,"[51.5422624, -0.1136237]"
988,"[51.5321411, -0.1036403]"
989,"[51.5363128, -0.09982769999999999]"
990,"[51.5352523, -0.09937420000000001]"
991,"[51.5336577, -0.1183288]"
992,"[51.5322843, -0.0996014]"
993,"[51.5370159, -0.1156793]"
994,"[51.537415, -0.088965]"
995,"[51.5405911, -0.08974879999999999]"
996,"[51.5416141, -0.086823]"
997,"[51.5475965, -0.08145999999999999]"
998,"[51.5352853, -0.1118756]"
999,"[51.5373931, -0.1027001]"
1000,"[51.5316919, -0.0957924]"
1001,"[51.532175, -0.0989055]"
1002,"[51.54073830000001, -0.0861781]"
1003,"[51.530922, -0.0990369]"
1004,"[51.5401009, -0.0970168]"
1005,"[51.5384991, -0.0962581]"
1006,"[51.5371612, -0.0921573]"
1007,"[51.5318682, -0.1130664]"
1008,"[51.5317421, -0.1141697]"
1009,"[51.5317421, -0.1141697]"
1010,"[51.5317421, -0.1141697]"
1011,"[51.5317421, -0.1141697]"
1012,"[51.5317421, -0.1141697]"
1013,"[51.5317421, -0.1141697]"
1014,"[51.5317421, -0.1141697]"
1015,"[51.5317421, -0.1141697]"
1016,"[51.5318682, -0.1130664]"
1017,"[51.5318682, -0.1130664]"
1018,"[51.5317421, -0.1141697]"
1019,"[51.5318682, -0.1130664]"
1020,"[51.5318682, -0.1130664]"
1021,"[51.5318682, -0.1130664]"
1022,"[51.53831539999999, -0.0857558]"
1023,"[51.5318682, -0.1130664]"
1024,"[51.5359686, -0.0863326]"
1025,"[51.5432037, -0.08591549999999999]"
1026,"[51.5319847, -0.1099564]"
1027,"[51.53253729999999, -0.0817958]"
1028,"[51.5497852, -0.0830472]"
1029,"[51.5336258, -0.108847]"
1030,"[51.53549750000001, -0.0779923]"
1031,"[51.5401647, -0.08524989999999999]"
1032,"[51.5475965, -0.08145999999999999]"
1033,"[51.5414833, -0.083789]"
1034,"[51.5395188, -0.0771702]"
1035,"[51.54518729999999, -0.0784107]"
1036,"[51.5377389, -0.0886877]"
1037,"[51.5385437, -0.0856869]"
1038,"[51.53809649999999, -0.1036024]"
1039,"[51.53561389999999, -0.111877]"
1040,"[51.5456449, -0.08577200000000001]"
1041,"[51.5367528, -0.0926919]"
1042,"[51.535625, -0.0887279]"
1043,"[51.54255389999999, -0.076875]"
1044,"[51.5485845, -0.09039409999999999]"
1045,"[51.5413677, -0.1011803]"
1046,"[51.5398562, -0.09109479999999999]"
1047,"[51.5435773, -0.0827956]"
1048,"[51.53911340000001, -0.1004609]"
1049,"[51.54126729999999, -0.0897063]"
1050,"[51.5458362, -0.097047]"
1051,"[51.5363014, -0.0935279]"
1052,"[51.53179739999999, -0.1026669]"
1053,"[51.5399542, -0.1159742]"
1054,"[51.5379417, -0.1167753]"
1055,"[51.5331193, -0.09782350000000001]"
1056,"[51.5317421, -0.1141697]"
1057,"[51.5317421, -0.1141697]"
1058,"[51.5316454, -0.0924619]"
1059,"[51.5450996, -0.0993671]"
1060,"[51.54539680000001, -0.09961180000000001]"
1061,"[51.5492675, -0.0784692]"
1062,"[51.5386088, -0.118521]"
1063,"[51.5475965, -0.08145999999999999]"
1064,"[51.53273009999999, -0.09505]"
1065,"[51.54905489999999, -0.0835654]"
1066,"[51.5423536, -0.0843516]"
1067,"[51.5320378, -0.0907968]"
1068,"[51.535625, -0.0887279]"
1069,"[51.5362245, -0.1018699]"
1070,"[51.5442729, -0.1074628]"
1071,"[51.5294283, -0.0890682]"
1072,"[51.5308535, -0.0813776]"
1073,"[51.5305308, -0.08513799999999999]"
1074,"[51.5307458, -0.08940959999999999]"
1075,"[51.5498451, -0.0803117]"
1076,"[51.5461888, -0.07725749999999999]"
1077,"[51.53431579999999, -0.0899493]"
1078,"[51.5350214, -0.09556260000000001]"
1079,"[51.5407142, -0.1050025]"
1080,"[51.53654359999999, -0.08008509999999999]"
1081,"[51.5338312, -0.121403]"
1082,"[51.5271567, -0.0813668]"
1083,"[51.5290904, -0.0892316]"
1084,"[51.5361592, -0.0900494]"
1085,"[51.5342513, -0.0905766]"
1086,"[51.531306, -0.08000150000000002]"
1087,"[51.5340938, -0.1058039]"
1088,"[51.5278547, -0.081828]"
1089,"[51.5419595, -0.0795147]"
1090,"[51.53305289999999, -0.0997546]"
1091,"[51.5407057, -0.1119687]"
1092,"[51.5461258, -0.0782167]"
1093,"[51.5386302, -0.1078323]"
1094,"[51.5436817, -0.0870991]"
1095,"[51.5418074, -0.1206508]"
1096,"[51.5418768, -0.1199356]"
1097,"[51.541735, -0.1203446]"
1098,"[51.5425305, -0.1175366]"
1099,"[51.5425305, -0.1175366]"
1100,"[51.5418074, -0.1206508]"
