ID,Field,First5Years,AppliedforGrants,VR,SSMF,Ragnar,ERC,SwedishFoundation,Formas,Forte,Wallenberg,GotaGrant,SufficientVR,SufficientSMSF,SufficientRagnar,SufficientERC,SufficientSF
4,1,4,0,0,0,0,0,0,0,0,0,0,2,2,2,2,2
3,1,2,1,1,0,0,0,0,0,0,0,1,1,2,2,1,1
5,1,4,1,1,0,0,0,0,0,0,0,1,0,2,2,2,2
6,1,3,1,0,0,0,1,0,0,0,0,0,2,2,2,2,2
7,2,5,1,0,0,0,0,0,0,1,0,0,2,2,2,2,2
9,1,2,1,1,1,1,0,1,0,0,0,1,0,0,0,1,1
10,1,4,1,1,1,0,0,0,0,0,0,1,0,0,2,2,2
11,1,2,0,0,0,0,0,0,0,0,0,1,0,0,0,0,0
12,1,5,0,0,0,0,0,0,0,0,0,0,2,2,2,2,2
17,1,2,1,1,1,1,1,0,0,0,0,1,0,0,0,1,2
18,1,2,1,1,1,1,0,1,0,0,0,1,0,0,0,1,0
19,1,4,1,1,1,0,0,0,0,0,0,0,2,2,2,2,2
22,1,2,1,1,0,0,1,1,0,0,0,1,0,2,2,1,0
23,1,5,1,1,1,0,1,1,0,0,0,1,0,0,2,1,0
28,1,4,0,0,0,0,0,0,0,0,0,0,2,2,2,2,2
29,1,5,0,0,0,0,0,0,0,0,0,0,2,2,2,2,2
30,1,4,1,1,0,0,0,0,0,0,0,1,0,2,2,1,2
34,1,2,0,0,0,0,0,0,0,0,0, ,2,2,2,2,2
36,1,5,0,0,0,0,0,0,0,0,0,0,2,2,2,2,2
38,2,4,1,1,1,0,0,0,0,1,0,0,2,2,2,2,2
39,1,5,1,1,0,0,0,1,0,0,0,0,2,2,2,2,2
41,1,2,1,1,0,0,0,0,0,0,0,0,2,2,2,2,2
42,1,4,0,0,0,0,0,0,0,0,0,0,2,2,2,2,2
44,2,2,1,1,0,0,1,1,0,0,0,1,0,1,2,1,1
45,1,2,1,1,1,1,1,1,0,0,0,1,1,0,0,1,0
47,1,5,0,0,0,0,0,0,0,0,0,0,2,2,2,2,2
48,1,4,1,1,1,0,0,0,0,0,0,1,1,1,1,1,1
50,1,2,1,1,0,1,0,1,0,0,0,1,1,2,1,2,1
51,1,5,1,0,0,0,0,0,0,0,0,1,0,0,0,0,0
52,1,4,0,0,0,0,0,0,0,0,0,0,2,2,2,2,2
53,1,5,0,0,0,0,0,0,0,0,0,0,2,2,2,2,2
54,1,4,1,1,1,0,0,1,0,0,0,1,0,0,2,2,2
55,2,2,1,1,0,0,0,0,0,1,0,1,0,0,0,0,0
56,1,2,1,1,0,0,0,1,0,0,0,1,1,0,0,1,0
58,1,4,1,1,0,0,0,0,0,0,0,1,1,2,2,1,2
59,1,4,1,1,0,0,0,1,0,0,0,1,1,1,2,2,1
60,1,5,1,1,1,0,0,0,0,0,0,0,2,2,2,2,2
65,1,5,0,0,0,0,0,0,0,0,0,0,2,2,2,2,2
66,2,4,1,0,0,0,0,0,0,0,0,1,0,0,0,1,0
69,2,3,1,1,0,0,0,0,0,1,0,1,1,2,2,2,2
70,2,2,1,1,0,1,0,0,0,0,0,1,1,2,1,2,2
72,1,4,1,1,0,0,0,1,0,0,0,1,1,2,2,2,1
75,1,3,1,1,1,1,1,0,0,0,0,1,0,0,0,0,0
76,1,2,0,0,0,0,0,0,0,0,0,0,2,2,2,2,2
78,1,4,1,1,0,0,0,0,0,0,1,1,0,2,2,2,2
80,1,4,1,0,1,0,0,0,0,0,0,1,2,1,2,2,2
82,1,3,1,1,0,0,1,0,0,0,0,1,0,0,0,0,0
84,1,2,1,1,1,1,1,0,0,0,0,1,0,0,0,1,2
85,1,2,1,1,1,0,0,1,0,0,0,1,0,2,0,2,2
86,1,4,1,1,1,1,0,0,0,0,0,1,1,1,2,2,0
88,1,2,1,1,1,1,1,0,0,0,0,1,0,0,1,1,1
89,1,4,1,0,0,0,0,0,0,1,0, ,2,2,2,2,2
90,1,4,1,1,1,0,0,0,0,0,0,1,0,1,2,2,2
92,1,2,1,1,1,0,1,0,0,0,0,1,0,0,1,1,1
93,1,4,0,0,0,0,0,0,0,0,0,0,2,2,2,2,2
96,1,2,1,1,1,0,0,0,0,0,0,1,1,1,1,1,1
98,1,2,1,1,0,0,0,1,0,0,0,1,1,2,2,2,0
100,1,4,1,1,0,1,0,0,0,0,0,1,1,2,2,1,2
102,1,4,1,1,0,0,0,0,0,0,0,1,0,2,2,2,2
103,1,4,1,1,1,0,0,0,0,0,0,0,2,2,2,2,2
104,1,2,1,1,0,0,0,0,0,0,0,1,0,2,2,2,2
105,1,5,0,0,0,0,0,0,0,0,0,0,2,2,2,2,2
107,1,2,1,1,1,0,0,0,0,0,0,1,1,1,2,2,2
108,1,4,1,1,0,0,0,0,0,1,0,1,0,2,2,2,2
111,1,4,1,1,0,0,0,0,0,0,0,1,0,2,2,2,2
115,1,3,1,1,0,0,1,0,0,0,0,1,0,2,2,1,2
117,2,2,1,1,0,0,1,0,0,1,0,1,1,2,2,1,2
119,1,2,1,1,0,0,0,0,0,0,0,1,0,2,2,2,2
123,1,5,1,0,0,0,0,0,0,0,0,0,2,2,2,2,2
125,2,4,1,1,0,0,1,0,0,0,0,1,1,2,2,1,2
127,1,2,1,1,1,1,0,1,0,0,0,1,1,1,1,1,1
128,1,2,1,1,0,0,1,0,0,0,0,1,0,2,2,1,2
129,1,1,1,1,0,0,1,1,0,0,0,1,0,0,0,1,0
132,1,5,0,0,0,0,0,0,0,0,0,0,2,2,2,2,2
135,1,2,1,1,1,0,0,0,0,0,0,1,0,0,2,2,2
136,1,4,1,1,1,0,1,0,0,0,0,1,1,1,2,1,2
140,1,4,1,1,1,1,0,0,0,1,0,1,1,1,1,1,1
143,1,5,0,0,0,0,0,0,0,0,0,0,2,2,2,2,2
144,1,4,1,0,0,0,0,0,0,0,0, ,2,2,2,2,2
145,1,3,1,1,1,1,0,0,0,0,0,1,0,0,0,2,2
147,1,4,1,1,0,0,0,0,0,0,0,1,1,2,2,2,2
149,1,4,1,1,0,0,0,0,0,0,0,1,1,1,1,1,0
151,1,2,1,1,0,0,0,0,0,1,0,0,2,2,2,2,2
152,1,2,1,1,0,1,0,0,0,0,0,1,1,2,1,2,2
154,1,4,1,1,1,0,0,0,0,0,0,1,0,0,2,2,2
156,1,2,1,1,0,0,0,0,1,1,0,1,0,2,2,2,2
157,1,5,0,0,0,0,0,0,0,0,0,0,2,2,2,2,2
158,1,4,1,0,0,0,0,0,0,0,0,1,1,2,2,1,1
159,1,4,1,1,1,0,0,1,0,0,0,0,2,2,2,2,2
160,2,4,1,1,0,0,1,1,0,0,0,0,2,2,2,2,2
161,1,4,0,0,0,0,0,0,0,0,0,1,0,0,0,0,0
162,1,4,1,1,1,0,0,0,0,0,0,1,0,0,0,0,0
166,1,4,1,1,1,0,0,0,0,1,0,1,1,1,2,2,2
168,1,2,1,1,1,0,0,1,0,0,0,0,2,2,2,2,2
175,1,5,1,1,0,0,1,1,0,0,0,1,0,2,2,1,1
176,1,2,1,1,1,1,1,0,0,0,0,1,0,0,0,1,2
178,1,5,1,1,1,1,1,0,0,0,0,1,1,2,2,2,2
180,1,5,0,0,0,0,0,0,0,0,0,0,2,2,2,2,2
181,1,2,1,1,1,0,0,1,0,0,0,1,1,1,2,1,1
182,1,3,1,1,1,0,1,1,0,0,0,0,2,2,2,2,2
183,1,4,0,0,0,0,0,0,0,0,0,0,2,2,2,2,2
184,1,3,1,0,0,0,0,0,0,0,0,0,2,2,2,2,2
186,1,4,1,0,1,0,0,0,0,0,0,1,0,0,0,1,1
188,1,5,1,1,0,0,0,0,0,0,0,0,2,2,2,2,2
190,1,5,1,1,0,0,0,0,0,0,0,0,2,2,2,2,2
191,1,4,1,1,1,1,1,1,0,0,0,1,1,1,1,1,1
194,1,2,1,0,1,0,0,0,0,0,0,1,1,1,1,1,1
195,1,5,1,1,1,1,1,1,0,0,0,0,2,2,2,2,2
196,1,4,1,0,0,0,0,0,0,1,0,0,2,2,2,2,2
197,1,5,0,0,0,0,0,0,0,0,0,0,2,2,2,2,2
200,1,2,0,0,0,0,0,0,0,0,0,0,2,2,2,2,2
201,1,2,1,1,0,0,1,1,0,0,1,0,2,2,2,2,2
202,1,2,1,1,0,0,0,1,0,0,0,1,1,2,2,2,1
203,1,4,0,0,0,0,0,0,0,0,0,0,2,2,2,2,2
206,1,4,1,1,1,0,0,1,0,0,0,1,1,1,1,1,1
207,1,4,0,0,0,0,0,0,0,0,0,0,2,2,2,2,2
209,1,4,1,1,0,0,1,0,0,0,0,1,0,2,2,1,2
213,1,3,1,1,1,0,1,0,0,0,0,0,2,2,2,2,2
215,1,4,1,1,1,0,0,0,0,1,0,1,0,0,0,0,0
217,1,2,1,1,0,0,1,1,0,0,0,0,2,2,2,2,2
218,1,4,0,0,0,0,0,0,0,0,0,0,2,2,2,2,2
220,1,4,1,1,1,1,0,1,0,0,0,0,2,2,2,2,2
222,1,4,1,1,1,1,0,1,0,0,0,1,1,1,1,1,1
223,1,2,1,0,1,0,1,0,0,0,0,0,2,2,2,2,2
226,1,5,1,1,0,0,0,0,1,0,1,1,0,2,2,1,2
228,3,4,1,1,0,0,0,0,0,0,0,1,0,2,2,1,2
229,2,4,1,1,0,0,1,0,0,0,0,1,1,2,2,1,2
230,1,4,1,1,1,0,0,0,0,0,0,1,1,1,2,2,2
231,3,3,1,1,0,0,0,0,0,0,0,1,1,2,2,2,2
233,4,4,1,0,0,1,1,1,0,0,0,1,1,1,1,1,1
234,1,2,1,1,0,0,1,1,0,0,0,1,0,2,2,1,2
235,3,1,1,1,0,0,1,0,0,0,0,1,0,2,2,1,2
238,1,4,1,1,0,0,1,0,0,0,0,1,0,2,2,1,2
239,2,4,0,0,0,0,0,0,0,0,0,0,2,2,2,2,2
240,2,4,1,0,1,0,0,0,0,0,0,1,0,0,0,0,0
243,1,4,1,1,0,0,0,1,0,0,0,1,0,2,2,2,0
244,1,4,1,1,0,0,1,1,0,0,0,1,0,1,1,1,1
245,3,4,1,1,0,0,0,0,0,0,0,1,1,2,2,1,2
247,3,4,0,0,0,0,0,0,0,0,0,0,2,2,2,2,2
248,2,4,1,1,0,0,0,0,0,0,0,1,1,2,2,2,2
249,3,4,1,1,0,0,1,0,0,0,0,1,1,2,2,1,2
250,1,5,1,1,1,0,0,0,0,0,0,0,2,2,2,2,2
253,3,5,1,1,0,0,1,0,0,0,0,1,1,2,2,1,2
255,3,2,1,1,0,0,0,0,1,0,0,1,0,2,2,2,2
256,1,2,1,1,1,0,0,1,0,0,0,1,1,0,2,2,1
258,3,2,1,1,0,0,0,0,0,0,0,1,0,2,2,2,2
259,3,4,1,1,0,0,1,0,0,0,0,1,1,2,2,1,2
262,3,4,1,1,0,0,0,0,0,0,0,1,1,2,2,2,2
263,1,5,1,1,1,1,1,0,0,0,0,1,1,1,1,1,1
264,3,5,1,1,0,0,0,1,1,0,0,1,0,2,2,2,0
265,2,4,1,1,0,0,0,0,0,0,0,0,2,2,2,2,2
268,1,4,1,1,0,0,1,1,0,0,0,1,0,2,2,1,1
269,1,4,1,1,1,1,0,1,0,0,0,1,1,1,1,1,0
271,1,2,1,1,0,1,1,1,0,0,0,1,1,1,1,1,0
272,3,2,1,1,0,0,1,0,0,0,0,1,0,1,1,1,1
274,3,4,1,1,0,0,0,0,0,0,0,1,0,2,2,1,1
275,1,2,1,1,0,1,1,0,0,0,0,1,0,0,0,1,2
278,1,4,1,1,0,0,0,0,1,0,0,1,0,2,2,2,2
279,3,4,1,1,1,0,0,0,0,0,0,1,1,1,2,2,2
280,1,4,1,1,1,1,1,0,0,0,0,1,1,1,1,1,1
284,1,4,1,0,0,0,0,0,0,0,0, ,2,2,2,2,2
285,3,2,1,1,0,0,0,0,0,0,0,1,0,2,2,2,2
286,2,4,1,1,0,0,0,0,0,0,0,0,2,2,2,2,2
289,3,2,1,1,0,0,0,1,0,0,0,1,1,2,2,1,1
290,1,4,1,1,0,0,0,1,0,0,0,1,1,2,2,2,1
291,3,2,1,0,0,0,1,0,0,0,0,1,2,2,2,1,2
294,1,4,1,1,0,0,0,1,0,0,0,1,1,2,2,2,1
295,3,4,1,1,0,0,0,0,0,0,0,1,1,2,2,2,2
296,1,2,1,1,1,0,0,0,0,0,0,1,0,0,2,2,2
299,1,3,1,1,0,0,1,1,0,0,0,1,0,0,0,1,0
300,3,2,1,1,0,0,0,0,0,0,0,1,1,2,2,2,2
302,1,4,1,0,1,0,0,0,0,0,0, ,2,2,2,2,2
303,3,4,1,1,0,0,0,0,0,0,0,1,0,2,2,2,2
304,2,4,0,0,0,0,0,0,0,0,0,0,2,2,2,2,2
308,2,4,1,1,0,1,0,0,0,0,0,0,2,2,2,2,2
311,1,4,1,1,0,0,1,0,1,0,0,1,0,2,2,1,1
313,2,2,0,0,0,0,0,0,0,0,0,0,2,2,2,2,2
315,1,4,1,1,0,0,0,0,0,0,0,1,0,2,2,2,2
316,3,5,1,1,0,0,0,1,0,0,0,0,2,2,2,2,2
317,3,2,1,1,0,0,1,1,0,0,0,0,2,2,2,2,2
319,1,4,0,0,0,0,0,0,0,0,0,0,2,2,2,2,2
321,2,4,1,1,0,0,0,0,0,0,0,1,0,2,2,2,2
322,1,2,1,1,1,1,1,0,0,0,0,1,0,0,2,1,2
325,1,5,1,1,1,1,1,0,0,0,0,1,0,2,2,1,2
329,3,5,1,1,0,0,0,0,0,0,0,0,2,2,2,2,2
332,3,2,1,1,0,0,1,1,0,0,0,1,0,2,2,1,1
333,3,4,1,1,0,0,0,0,0,0,0,1,1,2,2,2,2
336,3,4,1,1,0,0,0,0,1,0,0,1,0,2,2,1,2
337,3,2,1,1,0,0,0,0,0,0,0,1,0,2,2,2,2
340,1,1,1,1,0,0,0,1,0,0,0,1,0,0,0,0,0
342,1,4,0,0,0,0,0,0,0,0,0,1,1,1,1,1,1
344,2,4,1,0,0,0,0,0,0,0,0, ,2,2,2,2,2
345,1,4,0,0,0,0,0,0,0,0,0,0,2,2,2,2,2
346,1,4,1,1,1,1,1,0,0,0,0,1,0,2,1,1,2
347,1,4,1,1,1,1,0,1,0,0,0,0,2,2,2,2,2
349,3,3,1,1,0,1,1,1,0,0,0, ,2,2,2,2,2
352,1,2,1,1,0,0,1,0,1,0,0,1,0,2,2,1,2
354,2,4,1,1,0,0,1,0,0,0,0,1,1,2,2,1,2
355,1,5,0,0,0,0,0,0,0,0,0,0,2,2,2,2,2
356,3,4,1,1,0,0,0,0,0,0,0,1,1,2,2,2,2
357,2,5,0,0,0,0,0,0,0,0,0,0,2,2,2,2,2
358,3,4,1,1,0,0,0,1,0,0,0,1,0,2,2,1,1
359,3,4,1,1,0,0,0,1,0,0,0,1,0,2,2,1,2
361,2,4,1,0,0,0,0,0,0,0,0,1,1,1,1,1,1
362,1,2,1,1,1,1,1,0,0,0,0,1,0,0,0,1,0
364,3,4,1,1,0,0,0,1,1,0,0,1,0,2,2,2,2
365,1,2,1,1,1,1,1,0,0,0,0,1,0,0,0,1,1
366,3,2,1,1,0,0,1,0,1,0,0,1,0,2,2,1,2
367,1,4,1,1,0,0,0,0,0,0,0,1,0,2,2,2,2
371,1,2,1,1,1,1,0,0,0,0,0,1,0,0,0,1,0
374,1,2,1,1,1,0,0,0,0,0,0,1,0,0,2,2,2
375,1,4,0,0,0,0,0,0,0,0,0,0,2,2,2,2,2
378,1,1,1,1,0,1,1,0,0,0,0,1,0,2,1,1,2
379,1,5,0,0,0,0,0,0,0,0,0,0,2,2,2,2,2
380,1,4,1,1,0,0,0,0,0,0,0,1,0,2,2,2,2
383,1,5,1,1,0,0,1,0,0,0,0,1,0,0,1,1,1
384,1,2,1,1,0,0,0,1,0,0,0,1,1,0,0,1,1
385,1,2,1,1,1,0,0,1,0,0,0,1,0,0,2,2,0
390,1,2,1,0,1,0,0,0,0,0,0,0,2,2,2,2,2
391,1,2,1,1,1,0,0,0,0,0,0,0,2,2,2,2,2
392,1,2,1,1,1,1,1,1,0,0,0,1,0,0,0,0,0
395,1,2,1,1,1,1,0,1,0,0,0,1,2,1,2,1,2
397,1,1,1,1,1,1,1,1,0,0,0,1,0,0,0,1,1
398,2,2,1,1,1,0,1,1,0,1,0,1,1,1,2,1,1
399,1,2,1,1,1,0,1,1,0,0,0,1,1,0,2,1,0
400,1,2,1,1,0,0,1,1,0,0,0,1,0,2,2,1,0
402,1,5,0,0,0,0,0,0,0,0,0,0,2,2,2,2,2
407,1,4,1,1,0,0,0,0,0,0,0,1,1,1,0,1,1
409,1,4,1,1,1,0,0,0,0,0,0,1,0,0,2,2,2
410,1,4,1,1,1,1,0,0,0,0,0,1,1,1,1,1,0
411,2,2,1,1,1,0,0,0,0,0,0,1,0,0,2,2,2
412,1,4,1,1,0,0,1,0,0,0,0,1,0,2,2,1,2
413,1,5,1,1,0,0,1,1,0,0,1,1,0,2,2,1,1
414,3,2,0,0,0,0,0,0,0,0,0,0,2,2,2,2,2
417,1,4,1,1,0,1,0,0,0,0,0,0,2,2,2,2,2
419,1,4,1,1,0,0,1,0,1,0,1,1,0,2,2,1,2
420,2,5,0,0,0,0,0,0,0,0,0,0,2,2,2,2,2
422,1,4,1,0,0,0,0,0,0,0,0,1,1,0,1,1,1
423,1,4,1,1,0,1,1,1,0,0,0,1,0,2,1,1,1
424,1,2,1,1,0,0,1,0,0,0,0,1,0,0,0,1,1
425,1,4,0,0,0,0,0,0,0,0,0,1,0,2,2,1,2
426,1,2,1,1,0,0,0,0,0,0,0,1,0,2,2,2,2
428,1,4,1,1,0,0,0,0,0,0,0,1,1,2,2,2,2
430,1,4,1,0,1,0,0,0,0,0,0,0,2,2,2,2,2
433,1,4,1,0,0,0,0,0,0,1,0,0,2,2,2,2,2
436,1,2,1,1,0,0,0,0,0,0,0,0,2,2,2,2,2
439,1,4,1,0,1,0,0,0,0,0,0,1,1,0,1,1,1
440,1,4,1,1,1,0,0,1,0,0,0,1,1,1,2,1,0
441,1,4,1,1,0,1,0,0,0,0,0,1,1,2,2,2,2
443,1,4,1,1,1,0,0,0,0,0,0,1,0,1,2,2,2
446,1,5,0,0,0,0,0,0,0,0,0,0,2,2,2,2,2
447,1,4,1,1,1,1,0,0,0,0,0,1,1,1,2,2,2
448,1,3,1,1,1,1,0,1,0,0,0,1,0,0,0,2,0
452,1,5,1,1,1,0,0,0,0,0,0, ,2,2,2,2,2
458,1,4,1,0,1,0,0,0,0,0,1,1,1,1,1,2,2
460,1,4,1,1,0,0,0,0,0,0,0,1,0,2,2,2,2
461,1,4,1,1,0,0,0,0,1,0,0,1,1,2,2,1,2
462,2,5,0,0,0,0,0,0,0,0,0, ,2,2,2,2,2
463,1,2,1,1,0,1,1,1,0,0,0,1,0,2,0,1,0
464,1,2,1,0,0,0,0,1,1,1,0, ,2,2,2,2,2
465,1,1,1,1,0,0,0,1,0,0,0,1,0,2,2,2,1
466,1,2,1,1,1,0,0,0,0,0,0,1,1,1,0,1,1
469,1,1,1,1,1,0,0,0,0,1,0,1,0,2,2,2,2
470,1,3,1,1,1,1,1,0,0,0,0,1,0,0,1,1,1
471,1,2,1,1,1,1,1,1,0,0,0,1,0,0,0,1,0
474,1,2,1,1,0,0,0,0,0,0,0,0,2,2,2,2,2
476,1,4,1,1,1,0,0,0,0,0,1,1,0,1,2,1,2
477,1,2,1,0,1,0,0,0,0,0,0,1,2,1,2,2,2
480,1,2,1,1,0,0,0,0,1,1,0,1,0,2,2,2,2
481,1,4,1,1,1,0,0,0,0,0,0,1,1,1,1,1,1
482,1,4,1,1,1,1,0,0,0,0,0,1,0,0,0,0,0
485,1,5,1,1,1,1,1,0,0,0,0,1,1,1,1,1,1
488,1,4,1,1,0,0,0,0,0,0,0,1,1,2,2,2,2
489,1,4,1,1,0,0,0,0,0,0,0,1,0,0,1,1,0
491,1,2,1,1,1,0,1,0,0,0,0,1,0,0,0,0,0
494,1,2,0,0,0,0,0,0,0,0,0,1,1,0,0,1,0
496,1,3,1,0,0,0,0,0,0,0,0,1,0,0,0,1,2
499,1,2,1,1,0,0,0,0,0,0,0,1,0,2,2,1,2
501,1,2,1,1,0,1,0,1,0,0,0,1,0,2,2,2,0
502,1,5,1,1,0,0,0,0,0,0,0,1,0,2,2,2,2
503,2,2,1,0,0,0,0,0,0,1,0, ,2,2,2,2,2
504,1,4,0,0,0,0,0,0,0,0,0,1,0,2,2,2,2
505,1,4,0,0,0,0,0,0,0,0,0,0,2,2,2,2,2
508,3,2,1,1,0,0,0,0,0,0,0,1,1,1,1,1,1
511,3,5,0,0,0,0,0,0,0,0,0,0,2,2,2,2,2
512,3,2,1,1,0,0,0,1,0,0,0,1,0,0,0,0,0
513,1,4,1,1,0,0,0,0,0,0,0,1,0,2,2,2,2
514,3,2,1,1,0,0,0,1,0,0,0,1,0,2,2,2,0
516,4,5,1,1,0,0,0,0,1,0,1,0,2,2,2,2,2
519,1,5,0,0,0,0,0,0,0,0,0,0,2,2,2,2,2
521,1,4,1,0,0,0,0,0,0,0,0, ,2,2,2,2,2
522,3,5,1,1,0,0,1,0,0,0,0,0,2,2,2,2,2
523,1,5,0,0,0,0,0,0,0,0,0,0,2,2,2,2,2
525,2,4,1,1,0,0,1,0,0,0,0,1,1,2,2,1,2
526,2,5,0,0,0,0,0,0,0,0,0,0,2,2,2,2,2
527,3,5,0,0,0,0,0,0,0,0,0,0,2,2,2,2,2
530,1,4,1,1,1,0,1,0,0,0,0,1,1,1,1,1,1
532,1,5,1,0,0,0,1,0,0,0,0,0,2,2,2,2,2
534,2,4,1,1,0,0,0,0,1,0,0,1,2,2,2,1,2
540,1,3,1,1,0,0,1,1,0,0,0,1,1,2,2,1,1
541,1,4,1,1,0,0,0,1,0,0,0,1,2,2,2,2,1
542,4,2,1,1,0,0,1,0,1,0,0, ,2,2,2,2,2
547,1,5,0,0,0,0,0,0,0,0,0,0,2,2,2,2,2
550,1,4,1,1,1,1,0,0,0,0,0,1,1,1,1,1,1
552,3,4,1,1,0,0,0,0,0,0,0,1,1,2,2,2,2
556,3,2,1,1,0,0,1,0,0,0,0,0,2,2,2,2,2
557,4,2,1,1,1,1,1,1,0,0,0,0,2,2,2,2,2
562,1,4,1,1,0,0,1,0,0,0,0,1,1,2,2,1,2
565,3,4,1,1,0,0,0,0,0,0,0,1,0,2,2,1,2
566,3,4,1,0,0,0,0,0,0,0,1,1,0,0,0,0,0
569,1,2,1,1,0,0,1,0,0,0,0,1,1,2,2,2,2
571,1,2,1,1,0,0,0,0,1,1,0,1,1,2,2,2,2
572,1,5,1,0,1,0,0,0,0,0,0, ,2,2,2,2,2
575,1,5,1,1,1,0,0,0,0,0,0,1,1,1,2,2,2
577,1,5,1,1,0,0,0,0,0,0,0,1,1,2,2,2,2
578,1,4,1,1,0,0,0,1,0,0,0,0,2,2,2,2,2
581,1,2,1,1,0,0,0,0,0,0,0,1,0,2,2,2,2
582,1,2,0,0,0,0,0,0,0,0,0,0,2,2,2,2,2
585,1,3,1,1,0,0,0,0,0,0,0,0,2,2,2,2,2
586,1,4,1,0,0,0,0,0,0,1,0, ,2,2,2,2,2
588,1,3,1,1,0,0,0,1,0,0,0,0,2,2,2,2,2
589,2,3,1,0,0,0,0,0,0,0,0,1,0,0,0,0,0
590,1,4,1,1,1,0,0,0,0,1,0,1,2,0,2,2,2
593,1,2,1,0,1,0,0,0,0,1,0,1,0,0,2,2,2
594,1,4,1,1,1,1,0,0,0,0,0,1,0,2,2,1,2
596,1,2,1,1,0,0,0,0,0,0,0,1,0,0,0,0,0
598,1,5,0,0,0,0,0,0,0,0,0,0,2,2,2,2,2
600,1,4,1,1,1,1,1,0,0,0,0,1,1,0,1,1,2
601,1,4,1,1,0,0,0,0,0,0,0, ,2,2,2,2,2
602,1,5,0,0,0,0,0,0,0,0,0,0,2,2,2,2,2
603,1,2,1,1,1,0,0,1,0,0,0,1,1,1,2,2,1
604,1,5,1,0,0,0,0,1,0,0,0,0,2,2,2,2,2
611,1,2,1,1,1,1,0,0,0,0,0,1,1,1,1,2,2
615,1,3,1,1,0,0,0,0,0,0,0,0,2,2,2,2,2
616,1,5,0,0,0,0,0,0,0,0,0,0,2,2,2,2,2
618,2,4,0,0,0,0,0,0,0,0,0,0,2,2,2,2,2
620,1,4,1,1,1,1,1,0,0,0,0,1,0,0,0,1,0
621,1,1,1,1,0,0,1,0,0,0,0,1,0,0,0,0,0
625,1,4,0,0,0,0,0,0,0,0,0,0,2,2,2,2,2
626,1,4,0,0,0,0,0,0,0,0,0,1,1,1,1,1,1
627,1,2,1,1,0,0,0,1,0,0,0,1,0,2,2,2,0
629,1,3,1,1,0,0,0,1,0,0,0,1,0,0,0,2,0
630,1,3,1,1,1,1,1,0,0,0,0,1,1,2,2,1,2
631,1,5,0,0,0,0,0,0,0,0,0,0,2,2,2,2,2
632,1,4,1,1,0,0,0,0,0,0,0,0,2,2,2,2,2
633,1,4,1,1,0,0,0,0,0,0,0,1,0,2,2,2,2
634,1,4,1,1,0,1,1,0,0,0,0,1,0,2,0,1,2
636,1,4,1,1,0,0,0,0,0,0,0,1,1,1,1,2,2
638,1,2,1,1,1,1,1,1,0,0,0,1,2,0,0,1,0
639,2,2,1,1,0,0,1,0,0,0,0,0,2,2,2,2,2
640,1,4,1,1,0,0,0,0,0,0,0,1,0,2,2,2,2
644,1,3,1,1,0,0,1,0,0,0,0,1,1,2,2,1,2
645,1,5,0,0,0,0,0,0,0,0,0,0,2,2,2,2,2
647,2,5,1,1,1,0,0,0,0,0,0,0,2,2,2,2,2
648,1,4,1,1,0,0,0,1,0,0,0,1,1,2,2,1,1
650,1,2,1,1,0,0,0,0,0,1,0,0,2,2,2,2,2
653,1,5,0,0,0,0,0,0,0,0,0,0,2,2,2,2,2
655,1,5,0,0,0,0,0,0,0,0,0,0,2,2,2,2,2
658,2,4,0,0,0,0,0,0,0,0,0,0,2,2,2,2,2
660,1,2,1,1,1,1,1,1,0,0,0,1,0,0,0,0,0
662,1,4,0,0,0,0,0,0,0,0,0,0,2,2,2,2,2
665,2,5,1,0,0,0,1,0,0,0,0,1,2,2,2,1,2
666,1,4,1,1,1,0,0,0,0,0,0,1,1,1,2,2,2
667,1,3,1,0,0,0,0,1,0,0,0,1,1,0,0,0,1
669,1,5,0,0,0,0,0,0,0,0,0,0,2,2,2,2,2
670,1,5,0,0,0,0,0,0,0,0,0,1,0,0,0,0,0
671,1,5,1,1,0,0,0,0,0,0,0,1,0,2,2,2,2
672,1,2,1,0,0,0,0,1,0,0,0,1,2,2,1,1,1
673,1,3,1,1,1,0,1,1,0,0,0,1,1,2,2,2,2
677,1,4,0,0,0,0,0,0,0,0,0,0,2,2,2,2,2
678,1,4,1,1,1,0,0,0,0,0,0,1,1,1,2,2,2
679,1,2,1,1,0,0,1,1,0,0,0,1,1,2,2,1,1
682,1,5,0,0,0,0,0,0,0,0,0,0,2,2,2,2,2
684,1,4,1,1,0,0,1,0,0,0,0,1,1,2,2,2,2
685,2,4,1,0,0,0,0,0,0,1,0,0,2,2,2,2,2
686,1,5,1,1,1,0,1,0,0,0,0,0,2,2,2,2,2
690,2,4,1,0,0,0,0,0,0,0,0,0,2,2,2,2,2
692,1,2,0,0,0,0,0,0,0,0,0,0,2,2,2,2,2
693,3,4,1,0,0,0,1,1,0,0,0,1,2,2,2,2,0
700,3,4,1,1,0,0,1,0,1,0,1,1,0,2,2,1,2
701,3,4,0,0,0,0,0,0,0,0,0,0,2,2,2,2,2
704,1,5,0,0,0,0,0,0,0,0,0,0,2,2,2,2,2
708,1,4,1,0,0,0,0,0,1,0,0, ,2,2,2,2,2
709,1,2,1,1,1,0,0,0,0,0,0,1,0,1,2,2,2
711,1,2,0,0,0,0,0,0,0,0,0,0,2,2,2,2,2
712,1,4,1,1,0,0,0,0,0,0,0,1,1,2,2,2,2
713,1,4,1,1,0,0,0,0,1,0,0,0,2,2,2,2,2
714,1,2,1,1,0,0,0,0,0,0,0,1,0,2,2,1,1
715,2,4,0,0,0,0,0,0,0,0,0,0,2,2,2,2,2
716,1,2,1,1,0,0,0,1,0,0,0,1,1,2,2,2,1
717,2,2,1,1,0,0,0,1,0,0,0,1,0,2,2,2,2
718,2,5,0,0,0,0,0,0,0,0,0,0,2,2,2,2,2
721,1,4,0,0,0,0,0,0,0,0,0,0,2,2,2,2,2
728,2,4,0,0,0,0,0,0,0,0,0,1,1,0,0,1,0
729,1,2,0,0,0,0,0,0,0,0,0,1,0,1,0,1,1
731,2,2,1,1,0,0,1,0,0,0,0,1,1,2,2,1,2
732,1,5,1,0,0,0,0,0,0,0,0,0,2,2,2,2,2
733,1,5,0,0,0,0,0,0,0,0,0,0,2,2,2,2,2
735,1,5,1,0,0,0,0,0,1,0,0,0,2,2,2,2,2
736,3,4,1,1,0,0,1,0,0,0,0,1,1,2,2,1,2
737,1,4,1,0,0,0,1,1,0,0,0,1,2,2,2,1,1
739,1,4,1,0,0,0,0,0,0,0,0, ,2,2,2,2,2
740,1,2,1,1,0,0,0,0,0,0,0,1,0,2,2,1,2
741,1,4,1,1,0,0,0,0,0,0,0,1,1,2,2,2,2
743,1,5,1,1,0,0,0,0,0,0,0, ,2,2,2,2,2
744,1,5,0,0,0,0,0,0,0,0,0,0,2,2,2,2,2
745,2,4,1,0,0,0,1,0,0,1,0,1,2,2,2,1,2
746,2,5,1,0,0,0,0,0,0,0,0, ,2,2,2,2,2
749,3,2,0,0,0,0,0,0,0,0,0,0,2,2,2,2,2
751,3,4,0,0,0,0,0,0,0,0,0,0,2,2,2,2,2
752,1,4,1,1,0,0,1,0,0,0,0,1,1,2,2,1,2
754,1,2,1,1,0,0,0,1,1,0,0,0,2,2,2,2,2
757,1,2,1,1,0,0,1,0,0,0,0,1,0,2,2,1,2
758,1,4,1,1,1,1,1,1,0,0,0,1,0,0,0,1,1
 , , , , , , , , ,0,0,0,0, , , , , 
